Player,Team1,Team2,Runs,Balls,4s,6s,Ducks,SR,Dream11_score
Devon Conway,CSK,KKR,3,8,0,0,0,37.5,7
Robin Uthappa,CSK,KKR,28,21,2,2,0,133.33,40
Ambati Rayudu,CSK,KKR,15,17,1,1,0,88.24,22
Ravindra Jadeja,CSK,KKR,26,28,0,1,0,92.86,32
Shivam Dube,CSK,KKR,3,6,0,0,0,50,7
MS Dhoni,CSK,KKR,50,38,7,1,0,131.58,73
Ajinkya Rahane,KKR,CSK,44,34,6,1,0,129.41,60
Venkatesh Iyer,KKR,CSK,16,16,2,0,0,100,22
Nitish Rana,KKR,CSK,21,17,2,1,0,123.53,29
Shreyas Iyer,KKR,CSK,20,19,1,0,0,105.26,25
Sam Billings,KKR,CSK,25,22,1,1,0,113.64,32
Sheldon Jackson,KKR,CSK,3,3,0,0,0,100,7
Rohit Sharma,MI,DC,41,32,4,2,0,128.13,57
Ishan Kishan,MI,DC,81,48,11,2,0,168.75,112
Anmolpreet Singh,MI,DC,8,9,0,0,0,88.89,12
Tilak Varma,MI,DC,22,15,3,0,0,146.67,31
Kieron Pollard,MI,DC,3,6,0,0,0,50,7
Tim David,MI,DC,12,8,0,1,0,150,18
Daniel Sams,MI,DC,7,2,0,1,0,350,13
Prithvi Shaw,DC,MI,38,24,4,2,0,158.33,58
Tim Seifert,DC,MI,21,14,4,0,0,150,31
Rishabh Pant,DC,MI,1,2,0,0,0,50,5
Lalit Yadav,DC,MI,48,38,4,2,0,126.32,64
Shardul Thakur,DC,MI,22,11,4,0,0,200,36
Axar Patel,DC,MI,38,17,2,3,0,223.53,60
Faf Du Plessis,RCB,DC,88,57,3,7,0,154.39,121
Anuj Rawat,RCB,DC,21,20,2,1,0,105,29
Virat Kohli,RCB,DC,41,29,1,2,0,141.38,56
Dinesh Karthik,RCB,DC,32,14,3,3,0,228.57,55
Mayank Agarwal,PBSK,LSG,32,24,2,2,0,133.33,48
Shikhar Dhawan,PBSK,LSG,43,29,5,1,0,148.28,60
Bhanuka Rajapaksa,PBSK,LSG,43,22,2,4,0,195.45,67
Liam Livingstone,PBSK,LSG,19,10,0,2,0,190,33
Shahrukh Khan,PBSK,LSG,24,20,1,2,0,120,33
Odean Smith,PBSK,LSG,25,8,1,3,0,312.5,36
Quinton De Kock,LSG,PBSK,7,9,1,0,0,77.78,12
Evin Lewis,LSG,PBSK,10,9,2,0,0,111.11,16
Manish Pandey,LSG,PBSK,6,5,1,0,0,120,11
Deepak Hooda,LSG,PBSK,55,41,6,2,0,134.15,79
Ayush Badoni,LSG,PBSK,54,41,4,3,0,131.71,78
Krunal Pandya,LSG,PBSK,21,13,3,0,0,161.54,32
Dushmantha Chameera,LSG,PBSK,1,1,0,0,0,100,5
Matthew Wade,GT,RR,30,29,4,0,0,103.45,42
Vijay Shankar,GT,RR,4,6,0,0,0,66.67,8
Hardik Pandya,GT,RR,33,28,5,1,0,117.86,48
David Miller,GT,RR,30,21,1,2,0,142.86,45
Rahul Tewatia,GT,RR,40,24,5,2,0,166.67,61
Abhinav Manohar,GT,RR,15,7,3,0,0,214.29,22
Jos Buttler,RR,GT,35,28,3,3,0,125,52
Yashasvi Jaiswal,RR,GT,20,16,2,1,0,125,28
Sanju Samson,RR,GT,55,27,3,5,0,203.7,86
Devdutt Padikkal,RR,GT,41,29,4,2,0,141.38,59
Shimron Hetmyer,RR,GT,32,13,2,3,0,246.15,54
Riyan Parag,RR,GT,12,9,2,0,0,133.33,18
Nathan Coulter0Nile,RR,GT,1,2,0,0,0,50,5
Kane Williamson,SRH,KKR,2,7,0,0,0,28.57,6
Abhishek Sharma,SRH,KKR,9,19,1,0,0,47.37,8
Aiden Markram,SRH,KKR,57,41,5,2,0,139.02,80
Abdul Samad,SRH,KKR,4,6,0,0,0,66.67,8
Romario Shepherd,SRH,KKR,24,18,0,2,0,133.33,34
Washington Sundar,SRH,KKR,40,14,5,2,0,285.71,63
Bhuvneshwar Kumar,SRH,KKR,3,4,0,0,0,75,7
Ajinkya Rahane,KKR,SRH,9,10,1,0,0,90,14
Venkatesh Iyer,KKR,SRH,10,14,1,0,0,71.43,15
Shreyas Iyer,KKR,SRH,13,10,2,0,0,130,21
Nitish Rana,KKR,SRH,10,5,1,1,0,200,17
Sunil Narine,KKR,SRH,12,8,1,1,0,150,19
Sam Billings,KKR,SRH,14,15,0,1,0,93.33,20
Andre Russell,KKR,SRH,25,18,1,3,0,138.89,38
Tim Southee,KKR,SRH,1,5,0,0,0,20,5
Umesh Yadav,KKR,SRH,18,12,2,1,0,150,28
Varun Chakaravarthy,KKR,SRH,10,16,2,0,0,62.5,14
Faf Du Plessis,RCB,CSK,5,4,1,0,0,125,10
Virat Kohli,RCB,CSK,12,7,2,0,0,171.43,18
David Willey,RCB,CSK,18,28,3,0,0,64.29,23
Sherfane Rutherford,RCB,CSK,28,40,1,1,0,70,33
Shahbaz Ahmed,RCB,CSK,27,20,0,3,0,135,39
Dinesh Karthik,RCB,CSK,14,7,1,1,0,200,21
Wanindu Hasaranga,RCB,CSK,4,3,1,0,0,133.33,9
Harshal Patel,RCB,CSK,10,6,2,0,0,166.67,16
Robin Uthappa,CSK,RCB,50,27,8,1,0,185.19,78
Ruturaj  Gaikwad,CSK,RCB,1,4,0,0,0,25,5
Moeen Ali,CSK,RCB,35,22,4,2,0,159.09,55
Shivam Dube,CSK,RCB,49,30,5,2,0,163.33,70
Ambati Rayudu,CSK,RCB,27,20,2,2,0,135,39
Ravindra Jadeja,CSK,RCB,17,9,3,0,0,188.89,24
MS Dhoni,CSK,RCB,16,6,2,1,0,266.67,24
Dwayne Bravo,CSK,RCB,1,1,0,0,0,100,5
K L Rahul,LSG,PBSK,40,26,2,3,0,153.85,60
Quinton De Kock,LSG,PBSK,61,45,9,0,0,135.56,84
Manish Pandey,LSG,PBSK,5,6,0,0,0,83.33,9
Evin Lewis,LSG,PBSK,55,23,6,3,0,239.13,85
Deepak Hooda,LSG,PBSK,13,8,1,1,0,162.5,20
Ayush Badoni,LSG,PBSK,19,9,0,2,0,211.11,27
Mayank Agarwal,PBSK,LSG,1,5,0,0,0,20,5
Shikhar Dhawan,PBSK,LSG,16,15,1,1,0,106.67,23
Bhanuka Rajapaksa,PBSK,LSG,31,9,3,3,0,344.44,48
Liam Livingstone,PBSK,LSG,19,16,1,1,0,118.75,26
Rajangad Bawa,PBSK,LSG,11,13,1,0,0,84.62,16
Harpreet Brar,PBSK,LSG,14,18,1,1,0,77.78,21
Odean Smith,PBSK,LSG,9,12,0,1,0,75,15
Kagiso Rabada,PBSK,LSG,25,16,4,1,0,156.25,39
Ajinkya Rahane,KKR,RR,12,11,3,0,0,109.09,19
Venkatesh Iyer,KKR,RR,3,7,0,0,0,42.86,7
Shreyas Iyer,KKR,RR,26,15,5,0,0,173.33,41
Sam Billings,KKR,RR,24,23,1,1,0,104.35,31
Andre Russell,KKR,RR,70,31,2,8,0,225.81,106
Jos Buttler,RR,KKR,100,68,11,5,0,147.06,143
Yashasvi Jaiswal,RR,KKR,1,2,0,0,0,50,5
Devdutt Padikkal,RR,KKR,7,7,1,0,0,100,12
Sanju Samson,RR,KKR,30,21,1,3,0,142.86,47
Shimron Hetmyer,RR,KKR,35,14,3,3,0,250,58
Riyan Parag,RR,KKR,5,4,1,0,0,125,10
Ravichandran Ashwin,RR,KKR,1,1,0,0,0,100,5
Navdeep Saini,RR,KKR,2,2,0,0,0,100,6
Trent Boult,RR,KKR,1,1,0,0,0,100,5
Ishan Kishan,MI,GT,54,43,5,1,0,125.58,73
Rohit Sharma,MI,GT,10,5,0,1,0,200,16
Anmolpreet Singh,MI,GT,5,4,1,0,0,125,10
Tilak Varma,MI,GT,61,33,3,5,0,184.85,92
Kieron Pollard,MI,GT,22,24,3,1,0,91.67,31
Tim David,MI,GT,1,3,0,0,0,33.33,5
Murugan Ashwin,MI,GT,6,8,1,0,0,75,11
Matthew Wade,GT,MI,1,2,0,0,0,50,5
Shubman Gill,GT,MI,84,46,6,4,0,182.61,116
Vijay Shankar,GT,MI,13,20,1,0,0,65,16
Hardik Pandya,GT,MI,31,27,4,0,0,114.81,43
David Miller,GT,MI,20,15,2,0,0,133.33,28
Rahul Tewatia,GT,MI,14,8,1,1,0,175,21
Abhinav Manohar,GT,MI,1,2,0,0,0,50,5
Prithvi Shaw,DC,PBSK,10,7,1,0,0,142.86,15
Tim Seifert,DC,PBSK,3,5,0,0,0,60,7
Mandeep Singh,DC,PBSK,18,16,4,0,0,112.5,26
Rishabh Pant,DC,PBSK,43,29,7,0,0,148.28,60
Lalit Yadav,DC,PBSK,25,22,2,1,0,113.64,33
Rovman Powell,DC,PBSK,20,12,2,1,0,166.67,32
Axar Patel,DC,PBSK,8,4,2,0,0,200,14
Shardul Thakur,DC,PBSK,2,5,0,0,0,40,6
Kuldeep Yadav,DC,PBSK,14,14,0,1,0,100,20
Mustafizur Rahman,DC,PBSK,3,5,0,0,0,60,7
Mayank Agarwal,PBSK,DC,4,2,1,0,0,200,9
Shikhar Dhawan,PBSK,DC,33,24,4,1,0,137.5,49
Bhanuka Rajapaksa,PBSK,DC,9,5,0,1,0,180,15
Liam Livingstone,PBSK,DC,60,32,5,5,0,187.5,93
Jitesh Sharma,PBSK,DC,26,17,0,3,0,152.94,40
Shahrukh Khan,PBSK,DC,6,11,0,0,0,54.55,6
Odean Smith,PBSK,DC,3,7,0,0,0,42.86,7
Kagiso Rabada,PBSK,DC,12,12,1,0,0,100,17
Rahul Chahar,PBSK,DC,12,8,1,1,0,150,19
Vaibhav Arora,PBSK,DC,1,2,0,0,0,50,5
Robin Uthappa,CSK,LSG,13,10,2,0,0,130,21
Ruturaj  Gaikwad,CSK,LSG,1,4,0,0,0,25,5
Ambati Rayudu,CSK,LSG,13,21,2,0,0,61.9,17
Shivam Dube,CSK,LSG,57,30,6,3,0,190,87
MS Dhoni,CSK,LSG,23,28,1,1,0,82.14,30
Dwaine Pretorius,CSK,LSG,8,4,0,1,0,200,14
Chris Jordan,CSK,LSG,5,5,0,0,0,100,9
Mukesh Choudhary,CSK,LSG,2,2,0,0,0,100,6
K L Rahul,LSG,CSK,68,50,6,1,0,136,90
Quinton De Kock,LSG,CSK,1,4,0,0,0,25,5
Evin Lewis,LSG,CSK,1,5,0,0,0,20,5
Manish Pandey,LSG,CSK,11,10,1,1,0,110,18
Deepak Hooda,LSG,CSK,51,33,3,3,0,154.55,76
Ayush Badoni,LSG,CSK,19,12,3,0,0,158.33,30
Krunal Pandya,LSG,CSK,6,3,1,0,0,200,11
Jason Holder,LSG,CSK,8,3,0,1,0,266.67,14
Abhishek Sharma,SRH,RR,13,11,2,0,0,118.18,19
Kane Williamson,SRH,RR,16,16,1,1,0,100,23
Rahul Tripathi,SRH,RR,44,30,5,1,0,146.67,61
Aiden Markram,SRH,RR,12,14,0,0,0,85.71,16
Nicholas Pooran,SRH,RR,34,24,3,2,0,141.67,51
Washington Sundar,SRH,RR,18,14,1,0,0,128.57,23
Romario Shepherd,SRH,RR,8,8,0,1,0,100,14
Bhuvneshwar Kumar,SRH,RR,1,2,0,0,0,50,5
Umran Malik,SRH,RR,1,1,0,0,0,100,5
Jos Buttler,RR,SRH,70,47,0,6,0,148.94,96
Yashasvi Jaiswal,RR,SRH,4,6,0,0,0,66.67,8
Devdutt Padikkal,RR,SRH,37,29,2,2,0,127.59,51
Sanju Samson,RR,SRH,8,8,0,1,0,100,14
Shimron Hetmyer,RR,SRH,42,31,4,2,0,135.48,60
Faf Du Plessis,RCB,MI,29,20,5,0,0,145,40
Anuj Rawat,RCB,MI,26,25,4,0,0,104,34
Virat Kohli,RCB,MI,5,6,0,0,0,83.33,9
Sherfane Rutherford,RCB,MI,5,10,0,0,0,50,3
Shahbaz Ahmed,RCB,MI,45,26,4,3,0,173.08,69
Dinesh Karthik,RCB,MI,44,23,7,1,0,191.3,67
Harshal Patel,RCB,MI,9,4,0,1,0,225,15
Rohit Sharma,MI,RCB,3,12,0,0,0,25,1
Ishan Kishan,MI,RCB,14,21,1,0,0,66.67,17
Dewald Brevis,MI,RCB,29,19,2,2,0,152.63,43
Suryakumar Yadav,MI,RCB,52,36,5,2,0,144.44,75
Tilak Varma,MI,RCB,38,27,3,2,0,140.74,55
Kieron Pollard,MI,RCB,22,5,0,3,0,440,32
Ajinkya Rahane,KKR,DC,7,11,0,0,0,63.64,9
Venkatesh Iyer,KKR,DC,50,41,6,1,0,121.95,70
Shreyas Iyer,KKR,DC,10,6,2,0,0,166.67,16
Sam Billings,KKR,DC,17,12,0,2,0,141.67,27
Nitish Rana,KKR,DC,8,7,0,1,0,114.29,14
Andre Russell,KKR,DC,11,5,1,1,0,220,18
Pat Cummins,KKR,DC,56,15,4,6,0,373.33,90
Prithvi Shaw,DC,KKR,61,34,9,2,0,179.41,92
David Warner,DC,KKR,4,12,0,0,0,33.33,2
Rovman Powell,DC,KKR,3,10,0,0,0,30,1
Rishabh Pant,DC,KKR,39,36,3,2,0,108.33,54
Sarfaraz Khan,DC,KKR,36,28,3,0,0,128.57,47
K L Rahul,LSG,PBSK,24,25,1,1,0,96,31
Quinton De Kock,LSG,PBSK,80,52,9,2,0,153.85,109
Evin Lewis,LSG,PBSK,5,13,0,0,0,38.46,3
Deepak Hooda,LSG,PBSK,11,13,0,0,0,84.62,15
Krunal Pandya,LSG,PBSK,19,14,0,1,0,135.71,27
Ayush Badoni,LSG,PBSK,10,3,1,1,0,333.33,17
Mayank Agarwal,PBSK,LSG,5,9,1,0,0,55.56,10
Shikhar Dhawan,PBSK,LSG,35,30,4,0,0,116.67,47
Jonny Bairstow,PBSK,LSG,8,8,2,0,0,100,14
Liam Livingstone,PBSK,LSG,64,27,7,4,0,237.04,97
Jitesh Sharma,PBSK,LSG,23,11,1,2,0,209.09,38
Shahrukh Khan,PBSK,LSG,15,8,0,2,0,187.5,23
Kagiso Rabada,PBSK,LSG,1,1,0,0,0,100,5
Rahul Chahar,PBSK,LSG,22,14,2,1,0,157.14,34
Vaibhav Arora,PBSK,LSG,2,6,0,0,0,33.33,6
Arshdeep Singh,PBSK,LSG,10,5,1,0,0,200,15
Matthew Wade,GT,CSK,6,7,1,0,0,85.71,11
Shubman Gill,GT,CSK,96,59,11,1,0,162.71,125
Sai Sudharsan,GT,CSK,35,30,4,1,0,116.67,49
Hardik Pandya,GT,CSK,27,18,5,0,0,150,38
David Miller,GT,CSK,6,4,1,0,0,150,11
Rahul Tewatia,GT,CSK,13,3,0,2,0,433.33,21
Robin Uthappa,CSK,GT,15,11,1,0,0,136.36,22
Ruturaj  Gaikwad,CSK,GT,16,13,3,0,0,123.08,23
Moeen Ali,CSK,GT,48,35,3,2,0,137.14,65
Ambati Rayudu,CSK,GT,27,27,4,0,0,100,35
Shivam Dube,CSK,GT,3,5,0,0,0,60,7
Ravindra Jadeja,CSK,GT,23,15,2,1,0,153.33,35
MS Dhoni,CSK,GT,3,6,0,0,0,50,7
Dwayne Bravo,CSK,GT,8,5,1,0,0,160,13
Chris Jordan,CSK,GT,6,3,0,0,0,200,10
Abhishek Sharma,SRH,MI,75,50,5,3,0,150,100
Kane Williamson,SRH,MI,32,40,2,1,0,80,44
Rahul Tripathi,SRH,MI,39,15,5,2,0,260,62
Nicholas Pooran,SRH,MI,5,2,1,0,0,250,10
Ishan Kishan,MI,SRH,26,28,3,0,0,92.86,33
Rohit Sharma,MI,SRH,26,15,4,1,0,173.33,42
Dewald Brevis,MI,SRH,8,11,1,0,0,72.73,13
Suryakumar Yadav,MI,SRH,68,37,5,6,0,183.78,103
Ramandeep Singh,MI,SRH,6,12,0,0,0,50,4
Jaydev Unadkat,MI,SRH,13,14,1,0,0,92.86,18
Faf Du Plessis,RCB,DC,16,24,1,0,0,66.67,19
Anuj Rawat,RCB,DC,66,47,2,6,0,140.43,94
Virat Kohli,RCB,DC,48,36,5,0,0,133.33,63
Dinesh Karthik,RCB,DC,7,2,0,1,0,350,13
Glenn Maxwell,RCB,DC,8,2,2,0,0,400,14
Prithvi Shaw,DC,RCB,51,29,7,2,0,175.86,80
David Warner,DC,RCB,61,45,6,2,0,135.56,85
Rishabh Pant,DC,RCB,27,14,2,2,0,192.86,43
Lalit Yadav,DC,RCB,1,4,0,0,0,25,5
Rovman Powell,DC,RCB,8,6,0,1,0,133.33,14
Axar Patel,DC,RCB,22,14,2,1,0,157.14,34
Shardul Thakur,DC,RCB,29,11,1,3,0,263.64,46
Ajinkya Rahane,KKR,RR,8,14,1,0,0,57.14,9
Venkatesh Iyer,KKR,RR,18,8,1,2,0,225,27
Shreyas Iyer,KKR,RR,54,33,5,2,0,163.64,79
Nitish Rana,KKR,RR,30,20,0,3,0,150,46
Andre Russell,KKR,RR,24,21,3,0,0,114.29,31
Sam Billings,KKR,RR,15,9,1,1,0,166.67,22
Pat Cummins,KKR,RR,4,3,1,0,0,133.33,9
Sunil Narine,KKR,RR,4,2,1,0,0,200,9
Rasikh Salam,KKR,RR,7,6,1,0,0,116.67,12
Varun Chakaravarthy,KKR,RR,1,1,0,0,0,100,5
Jos Buttler,RR,KKR,13,11,1,1,0,118.18,20
Devdutt Padikkal,RR,KKR,29,29,4,0,0,100,37
Sanju Samson,RR,KKR,13,12,2,0,0,108.33,19
Rassie van der Dussen,RR,KKR,4,4,1,0,0,100,9
Shimron Hetmyer,RR,KKR,59,36,1,6,0,163.89,88
Ravichandran Ashwin,RR,KKR,28,23,0,2,0,121.74,36
Riyan Parag,RR,KKR,8,4,0,1,0,200,14
Trent Boult,RR,KKR,2,1,0,0,0,200,6
Quinton De Kock,LSG,GT,39,32,2,1,0,121.88,51
Jason Holder,LSG,GT,8,14,2,0,0,57.14,10
Deepak Hooda,LSG,GT,25,24,3,0,0,104.17,32
Ayush Badoni,LSG,GT,5,7,0,0,0,71.43,9
Krunal Pandya,LSG,GT,22,15,2,0,0,146.67,30
Marcus Stoinis,LSG,GT,38,17,2,4,0,223.53,62
Dushmantha Chameera,LSG,GT,13,7,2,0,0,185.71,19
Avesh Khan,LSG,GT,7,2,0,1,0,350,13
Matthew Wade,GT,LSG,19,19,3,0,0,100,26
Shubman Gill,GT,LSG,7,9,1,0,0,77.78,12
Sai Sudharsan,GT,LSG,11,9,2,0,0,122.22,17
Hardik Pandya,GT,LSG,50,42,4,1,0,119.05,68
David Miller,GT,LSG,12,15,0,0,0,80,16
Abhinav Manohar,GT,LSG,35,21,5,1,0,166.67,54
Rahul Tewatia,GT,LSG,6,4,1,0,0,150,11
Abhishek Sharma,SRH,CSK,42,32,6,0,0,131.25,58
Kane Williamson,SRH,CSK,57,46,2,4,0,123.91,79
Rahul Tripathi,SRH,CSK,17,11,1,1,0,154.55,28
Nicholas Pooran,SRH,CSK,34,18,2,2,0,188.89,54
Aiden Markram,SRH,CSK,12,8,1,0,0,150,17
Ruturaj  Gaikwad,CSK,SRH,17,16,3,0,0,106.25,24
Robin Uthappa,CSK,SRH,88,50,4,9,0,176,128
Moeen Ali,CSK,SRH,3,8,0,0,0,37.5,7
Shivam Dube,CSK,SRH,95,46,5,8,0,206.52,134
Faf Du Plessis,RCB,PBSK,8,9,0,0,0,88.89,12
Anuj Rawat,RCB,PBSK,12,16,1,0,0,75,17
Virat Kohli,RCB,PBSK,1,3,0,0,0,33.33,5
Glenn Maxwell,RCB,PBSK,26,11,2,2,0,236.36,42
Shahbaz Ahmed,RCB,PBSK,41,27,4,0,0,151.85,57
Suyash S Prabhudessai,RCB,PBSK,34,18,5,1,0,188.89,55
Dinesh Karthik,RCB,PBSK,34,14,2,3,0,242.86,56
Wanindu Hasaranga,RCB,PBSK,7,3,0,1,0,233.33,13
Mohammed Siraj,RCB,PBSK,14,11,3,0,0,127.27,21
Josh Hazlewood,RCB,PBSK,7,7,0,0,0,100,11
Mayank Agarwal,PBSK,RCB,52,32,6,2,0,162.5,78
Shikhar Dhawan,PBSK,RCB,70,50,5,3,0,140,95
Jonny Bairstow,PBSK,RCB,12,13,1,0,0,92.31,17
Liam Livingstone,PBSK,RCB,2,3,0,0,0,66.67,6
Jitesh Sharma,PBSK,RCB,30,15,2,2,0,200,50
Shahrukh Khan,PBSK,RCB,15,6,0,2,0,250,23
Odean Smith,PBSK,RCB,1,1,0,0,0,100,5
Rohit Sharma,MI,GT,28,17,3,2,0,164.71,43
Ishan Kishan,MI,GT,3,6,0,0,0,50,7
Dewald Brevis,MI,GT,49,25,4,5,0,196,77
Tilak Varma,MI,GT,36,20,3,2,0,180,57
Suryakumar Yadav,MI,GT,43,30,1,4,0,143.33,62
Kieron Pollard,MI,GT,10,11,1,0,0,90.91,15
Jaydev Unadkat,MI,GT,12,7,0,1,0,171.43,18
Matthew Wade,GT,MI,12,6,3,0,0,200,19
Shubman Gill,GT,MI,13,14,2,0,0,92.86,19
Vijay Shankar,GT,MI,2,7,0,0,0,28.57,6
Hardik Pandya,GT,MI,87,52,8,4,0,167.31,119
Abhinav Manohar,GT,MI,43,28,4,2,0,153.57,63
David Miller,GT,MI,31,14,5,1,0,221.43,52
Jos Buttler,RR,KKR,54,24,8,3,0,225,86
Ravichandran Ashwin,RR,KKR,8,8,0,1,0,100,14
Sanju Samson,RR,KKR,11,11,0,1,0,100,17
Rassie van der Dussen,RR,KKR,6,10,0,0,0,60,8
Shimron Hetmyer,RR,KKR,29,17,2,1,0,170.59,43
Riyan Parag,RR,KKR,18,16,1,1,0,112.5,25
James Neesham,RR,KKR,17,15,1,0,0,113.33,22
Prasidh Krishna,RR,KKR,4,7,0,0,0,57.14,8
Yuzvendra Chahal,RR,KKR,5,8,0,0,0,62.5,9
Venkatesh Iyer,KKR,RR,6,13,1,0,0,46.15,5
Aaron Finch,KKR,RR,7,5,0,1,0,140,13
Shreyas Iyer,KKR,RR,28,25,3,0,0,112,35
Sunil Narine,KKR,RR,6,2,0,1,0,300,12
Nitish Rana,KKR,RR,54,36,6,2,0,150,78
Sheldon Jackson,KKR,RR,7,7,0,1,0,100,13
Andre Russell,KKR,RR,49,25,4,4,0,196,75
Pat Cummins,KKR,RR,3,3,0,0,0,100,7
Aman Khan,KKR,RR,5,3,1,0,0,166.67,10
Umesh Yadav,KKR,RR,1,1,0,0,0,100,5
Abhishek Sharma,SRH,LSG,3,10,0,0,0,30,1
Kane Williamson,SRH,LSG,17,16,3,0,0,106.25,24
Rahul Tripathi,SRH,LSG,71,37,4,6,0,191.89,105
Aiden Markram,SRH,LSG,68,36,6,4,0,188.89,100
Nicholas Pooran,SRH,LSG,5,8,0,0,0,62.5,9
K L Rahul,LSG,SRH,103,60,9,5,0,171.67,148
Quinton De Kock,LSG,SRH,24,13,4,1,0,184.62,40
Manish Pandey,LSG,SRH,38,29,6,0,0,131.03,54
Marcus Stoinis,LSG,SRH,10,9,0,1,0,111.11,16
Deepak Hooda,LSG,SRH,15,8,1,1,0,187.5,22
Krunal Pandya,LSG,SRH,1,1,0,0,0,100,5
Ishan Kishan,MI,RCB,13,17,2,0,0,76.47,19
Rohit Sharma,MI,RCB,6,7,1,0,0,85.71,11
Dewald Brevis,MI,RCB,31,13,6,1,0,238.46,53
Suryakumar Yadav,MI,RCB,37,27,3,0,0,137.04,50
Tilak Varma,MI,RCB,26,26,2,0,0,100,32
Kieron Pollard,MI,RCB,25,14,1,2,0,178.57,40
Fabian Allen,MI,RCB,8,7,1,0,0,114.29,13
Jaydev Unadkat,MI,RCB,14,6,2,1,0,233.33,22
Murugan Ashwin,MI,RCB,6,2,0,1,0,300,12
Faf Du Plessis,RCB,MI,8,11,2,0,0,72.73,14
Virat Kohli,RCB,MI,12,14,1,0,0,85.71,17
Glenn Maxwell,RCB,MI,55,34,7,2,0,161.76,82
Suyash S Prabhudessai,RCB,MI,6,5,1,0,0,120,11
Shahbaz Ahmed,RCB,MI,32,21,3,1,0,152.38,49
Dinesh Karthik,RCB,MI,66,34,5,5,0,194.12,99
Prithvi Shaw,DC,PBSK,16,13,1,1,0,123.08,23
David Warner,DC,PBSK,66,38,4,5,0,173.68,98
Mitchell Marsh,DC,PBSK,14,24,0,0,0,58.33,14
Rishabh Pant,DC,PBSK,34,17,3,2,0,200,55
Lalit Yadav,DC,PBSK,1,4,0,0,0,25,5
Shardul Thakur,DC,PBSK,17,9,0,2,0,188.89,25
Axar Patel,DC,PBSK,10,7,1,0,0,142.86,15
Kuldeep Yadav,DC,PBSK,10,7,2,0,0,142.86,16
Shikhar Dhawan,PBSK,DC,8,11,1,0,0,72.73,13
Simran Singh,PBSK,DC,14,11,2,0,0,127.27,20
Jonny Bairstow,PBSK,DC,12,10,2,0,0,120,18
Liam Livingstone,PBSK,DC,60,33,5,4,0,181.82,91
Jitesh Sharma,PBSK,DC,11,8,2,0,0,137.5,17
Shahrukh Khan,PBSK,DC,26,28,1,2,0,92.86,35
Odean Smith,PBSK,DC,13,15,0,1,0,86.67,19
Abhishek Sharma,SRH,CSK,31,25,3,1,0,124,44
Kane Williamson,SRH,CSK,3,9,0,0,0,33.33,7
Rahul Tripathi,SRH,CSK,34,22,4,1,0,154.55,52
Aiden Markram,SRH,CSK,41,27,4,1,0,151.85,59
Nicholas Pooran,SRH,CSK,35,30,1,1,0,116.67,46
Ruturaj  Gaikwad,CSK,SRH,73,48,5,5,0,152.08,104
Robin Uthappa,CSK,SRH,3,10,0,0,0,30,1
Moeen Ali,CSK,SRH,1,3,0,0,0,33.33,5
Ambati Rayudu,CSK,SRH,46,31,4,2,0,148.39,64
Shivam Dube,CSK,SRH,19,17,2,0,0,111.76,25
Ravindra Jadeja,CSK,SRH,22,12,0,2,0,183.33,36
Wriddhiman Saha,GT,RR,11,18,0,0,0,61.11,13
Abhinav Manohar,GT,RR,12,12,2,0,0,100,18
David Miller,GT,RR,94,51,8,6,0,184.31,132
Rahul Tewatia,GT,RR,6,14,0,0,0,42.86,4
Rashid Khan,GT,RR,40,21,2,3,0,190.48,62
Jos Buttler,RR,GT,103,61,9,5,0,168.85,146
Devdutt Padikkal,RR,GT,24,18,3,1,0,133.33,35
Sanju Samson,RR,GT,38,19,3,2,0,200,59
Shimron Hetmyer,RR,GT,26,13,2,2,0,200,42
Riyan Parag,RR,GT,5,3,1,0,0,166.67,10
Karun Nair,RR,GT,3,5,0,0,0,60,7
Ravichandran Ashwin,RR,GT,2,2,0,0,0,100,6
Aaron Finch,KKR,RCB,58,28,9,2,0,207.14,89
Shreyas Iyer,KKR,RCB,85,51,7,4,0,166.67,116
Nitish Rana,KKR,RCB,18,11,1,1,0,163.64,29
Venkatesh Iyer,KKR,RCB,6,7,0,0,0,85.71,10
Sheldon Jackson,KKR,RCB,8,8,0,0,0,100,12
Umesh Yadav,KKR,RCB,21,9,1,2,0,233.33,30
Varun Chakaravarthy,KKR,RCB,1,1,0,0,0,100,5
Anuj Rawat,RCB,KKR,4,5,1,0,0,80,9
Faf Du Plessis,RCB,KKR,96,64,11,2,0,150,125
Glenn Maxwell,RCB,KKR,23,11,3,1,0,209.09,38
Suyash S Prabhudessai,RCB,KKR,10,9,0,1,0,111.11,16
Shahbaz Ahmed,RCB,KKR,26,22,1,0,0,118.18,31
Dinesh Karthik,RCB,KKR,13,8,0,1,0,162.5,19
Quinton De Kock,LSG,PBSK,3,5,0,0,0,60,7
K L Rahul,LSG,PBSK,30,24,3,1,0,125,43
Manish Pandey,LSG,PBSK,6,8,1,0,0,75,11
Krunal Pandya,LSG,PBSK,42,28,5,2,0,150,61
Deepak Hooda,LSG,PBSK,13,14,1,0,0,92.86,18
Ayush Badoni,LSG,PBSK,13,13,2,0,0,100,19
Marcus Stoinis,LSG,PBSK,24,15,2,1,0,160,36
Jason Holder,LSG,PBSK,16,9,0,2,0,177.78,24
Dushmantha Chameera,LSG,PBSK,1,3,0,0,0,33.33,5
Mayank Agarwal,PBSK,LSG,24,15,4,0,0,160,36
Shikhar Dhawan,PBSK,LSG,9,10,1,0,0,90,14
Jonny Bairstow,PBSK,LSG,9,8,2,0,0,112.5,15
Liam Livingstone,PBSK,LSG,2,3,0,0,0,66.67,6
Jitesh Sharma,PBSK,LSG,32,23,5,0,0,139.13,47
Shahrukh Khan,PBSK,LSG,12,20,0,0,0,60,14
Kagiso Rabada,PBSK,LSG,2,6,0,0,0,33.33,6
Rahul Chahar,PBSK,LSG,12,12,1,1,0,100,19
Arshdeep Singh,PBSK,LSG,9,17,2,0,0,52.94,11
Vaibhav Arora,PBSK,LSG,2,4,0,0,0,50,6
Prithvi Shaw,DC,MI,41,20,7,1,0,205,64
David Warner,DC,MI,60,30,10,1,0,200,90
Sarfaraz Khan,DC,MI,12,13,1,0,0,92.31,17
Dewald Brevis,MI,DC,4,7,0,0,0,57.14,8
Suryakumar Yadav,MI,DC,32,21,3,1,0,152.38,49
Tilak Varma,MI,DC,51,43,3,2,0,118.6,70
Hrithik Shokeen,MI,DC,25,25,3,0,0,100,32
Kieron Pollard,MI,DC,14,9,1,1,0,155.56,21
Daniel Sams,MI,DC,5,3,1,0,0,166.67,10
Jaydev Unadkat,MI,DC,19,9,1,1,0,211.11,26
Robin Uthappa,CSK,RR,30,25,2,2,0,120,44
Mitchell Santner,CSK,RR,11,9,2,0,0,122.22,17
Ambati Rayudu,CSK,RR,40,35,2,3,0,114.29,56
Shivam Dube,CSK,RR,13,14,0,1,0,92.86,19
Ravindra Jadeja,CSK,RR,3,8,0,0,0,37.5,7
MS Dhoni,CSK,RR,28,13,3,1,0,215.38,43
Dwaine Pretorius,CSK,RR,22,14,2,1,0,157.14,34
Dwayne Bravo,CSK,RR,1,1,0,0,0,100,5
Jos Buttler,RR,CSK,116,65,9,9,0,178.46,169
Devdutt Padikkal,RR,CSK,54,35,7,2,0,154.29,81
Sanju Samson,RR,CSK,46,19,5,3,0,242.11,71
Shimron Hetmyer,RR,CSK,1,1,0,0,0,100,5
Prithvi Shaw,DC,GT,37,27,5,1,0,137.04,54
David Warner,DC,GT,28,14,5,1,0,200,45
Sarfaraz Khan,DC,GT,1,3,0,0,0,33.33,5
Rishabh Pant,DC,GT,44,24,4,2,0,183.33,66
Lalit Yadav,DC,GT,37,24,3,2,0,154.17,56
Axar Patel,DC,GT,1,4,0,0,0,25,5
Shardul Thakur,DC,GT,10,7,0,1,0,142.86,16
Rovman Powell,DC,GT,36,15,0,5,0,240,60
Wriddhiman Saha,GT,DC,25,25,2,1,0,100,33
Shubman Gill,GT,DC,7,5,1,0,0,140,12
Hardik Pandya,GT,DC,67,49,4,2,0,136.73,89
David Miller,GT,DC,27,20,1,2,0,135,38
Rahul Tewatia,GT,DC,17,12,2,0,0,141.67,25
Abhinav Manohar,GT,DC,2,4,0,0,0,50,6
Alzarri Joseph,GT,DC,1,1,0,0,0,100,5
Sam Billings,KKR,RCB,4,4,1,0,0,100,9
Sunil Narine,KKR,RCB,5,5,1,0,0,100,10
Shreyas Iyer,KKR,RCB,12,15,1,1,0,80,19
Nitish Rana,KKR,RCB,2,7,0,0,0,28.57,6
Rinku Singh,KKR,RCB,35,28,4,1,0,125,49
Venkatesh Iyer,KKR,RCB,17,17,2,0,0,100,23
Andre Russell,KKR,RCB,48,25,1,6,0,192,75
Shivam Mavi,KKR,RCB,2,4,0,0,0,50,6
Umesh Yadav,KKR,RCB,15,15,1,1,0,100,22
Tim Southee,KKR,RCB,1,1,0,0,0,100,5
Faf Du Plessis,RCB,KKR,5,7,1,0,0,71.43,10
Glenn Maxwell,RCB,KKR,12,11,2,0,0,109.09,18
Suyash S Prabhudessai,RCB,KKR,15,20,1,0,0,75,20
Shahbaz Ahmed,RCB,KKR,7,12,1,0,0,58.33,8
Harshal Patel,RCB,KKR,4,8,0,0,0,50,8
Wanindu Hasaranga,RCB,KKR,8,19,1,0,0,42.11,7
Josh Hazlewood,RCB,KKR,3,11,0,0,0,27.27,1
Mohammed Siraj,RCB,KKR,2,4,0,0,0,50,6
Abhishek Sharma,SRH,LSG,47,28,8,1,0,167.86,69
Kane Williamson,SRH,LSG,16,17,2,0,0,94.12,22
Rahul Tripathi,SRH,LSG,7,3,0,1,0,233.33,13
Quinton De Kock,LSG,SRH,10,9,0,1,0,111.11,16
K L Rahul,LSG,SRH,103,62,12,4,0,166.13,147
Manish Pandey,LSG,SRH,22,22,0,1,0,100,28
Krunal Pandya,LSG,SRH,1,2,0,0,0,50,5
Deepak Hooda,LSG,SRH,10,9,1,0,0,111.11,15
Ayush Badoni,LSG,SRH,14,11,0,1,0,127.27,20
Ishan Kishan,MI,PBSK,8,20,0,0,0,40,6
Rohit Sharma,MI,PBSK,39,31,5,1,0,125.81,54
Dewald Brevis,MI,PBSK,3,5,0,0,0,60,7
Suryakumar Yadav,MI,PBSK,7,7,1,0,0,100,12
Tilak Varma,MI,PBSK,38,27,2,2,0,140.74,54
Kieron Pollard,MI,PBSK,19,20,0,1,0,95,25
Daniel Sams,MI,PBSK,3,7,0,0,0,42.86,7
Jaydev Unadkat,MI,PBSK,1,1,0,0,0,100,5
Mayank Agarwal,PBSK,MI,18,21,2,0,0,85.71,24
Shikhar Dhawan,PBSK,MI,88,59,9,2,0,149.15,115
Bhanuka Rajapaksa,PBSK,MI,42,32,2,2,0,131.25,58
Liam Livingstone,PBSK,MI,19,7,1,2,0,271.43,28
Jonny Bairstow,PBSK,MI,6,3,1,0,0,200,11
Ruturaj  Gaikwad,CSK,RR,30,27,4,0,0,111.11,42
Robin Uthappa,CSK,RR,1,7,0,0,0,14.29,5
Mitchell Santner,CSK,RR,9,15,1,0,0,60,12
Shivam Dube,CSK,RR,8,7,1,0,0,114.29,13
Ambati Rayudu,CSK,RR,78,39,7,6,0,200,115
Ravindra Jadeja,CSK,RR,21,16,1,1,0,131.25,30
MS Dhoni,CSK,RR,12,8,1,1,0,150,19
Dwaine Pretorius,CSK,RR,1,1,0,0,0,100,5
Jos Buttler,RR,CSK,8,9,1,0,0,88.89,13
Devdutt Padikkal,RR,CSK,7,7,0,1,0,100,13
Ravichandran Ashwin,RR,CSK,17,9,4,0,0,188.89,25
Sanju Samson,RR,CSK,27,21,1,3,0,128.57,38
Daryl Mitchell,RR,CSK,16,24,0,0,0,66.67,18
Riyan Parag,RR,CSK,56,31,3,4,0,180.65,85
Shimron Hetmyer,RR,CSK,3,7,0,0,0,42.86,7
Trent Boult,RR,CSK,5,7,0,0,0,71.43,9
Prasidh Krishna,RR,CSK,2,5,0,0,0,40,6
Virat Kohli,RCB,SRH,9,10,2,0,0,90,15
Faf Du Plessis,RCB,SRH,23,21,3,1,0,109.52,32
Rajat Patidar,RCB,SRH,16,16,0,1,0,100,22
Shahbaz Ahmed,RCB,SRH,17,27,0,1,0,62.96,21
Suyash S Prabhudessai,RCB,SRH,2,7,0,0,0,28.57,6
Dinesh Karthik,RCB,SRH,6,4,1,0,0,150,11
Wanindu Hasaranga,RCB,SRH,18,13,2,0,0,138.46,26
Harshal Patel,RCB,SRH,8,11,0,1,0,72.73,14
Mohammed Siraj,RCB,SRH,5,5,1,0,0,100,10
Abhishek Sharma,SRH,RCB,65,42,6,3,0,154.76,93
Kane Williamson,SRH,RCB,5,8,1,0,0,62.5,10
Rahul Tripathi,SRH,RCB,16,10,2,1,0,160,28
Aiden Markram,SRH,RCB,56,40,2,3,0,140,78
Nicholas Pooran,SRH,RCB,3,5,0,0,0,60,7
Washington Sundar,SRH,RCB,3,4,0,0,0,75,7
Shashank Singh,SRH,RCB,25,6,1,3,0,416.67,36
Marco Jansen,SRH,RCB,8,5,0,1,0,160,14
Wriddhiman Saha,GT,KKR,68,38,11,1,0,178.95,99
Shubman Gill,GT,KKR,22,24,1,1,0,91.67,29
Hardik Pandya,GT,KKR,10,6,2,0,0,166.67,16
David Miller,GT,KKR,17,19,1,0,0,89.47,22
Rahul Tewatia,GT,KKR,40,21,4,2,0,190.48,62
Rashid Khan,GT,KKR,31,11,0,4,0,281.82,53
Aaron Finch,KKR,GT,3,7,0,0,0,42.86,7
Venkatesh Iyer,KKR,GT,6,12,0,0,0,50,4
Shreyas Iyer,KKR,GT,42,37,4,0,0,113.51,54
B Indrajith,KKR,GT,6,8,0,0,0,75,10
Nitish Rana,KKR,GT,57,34,3,4,0,167.65,84
Rinku Singh,KKR,GT,23,16,3,0,0,143.75,32
David Warner,DC,LSG,42,26,8,0,0,161.54,62
Mitchell Marsh,DC,LSG,13,7,2,0,0,185.71,19
Lalit Yadav,DC,LSG,22,29,1,1,0,75.86,29
Rishabh Pant,DC,LSG,2,5,0,0,0,40,6
Rovman Powell,DC,LSG,33,16,1,3,0,206.25,54
Axar Patel,DC,LSG,24,17,2,1,0,141.18,34
Shardul Thakur,DC,LSG,8,14,0,0,0,57.14,8
Quinton De Kock,LSG,DC,46,37,4,2,0,124.32,62
K L Rahul,LSG,DC,6,11,1,0,0,54.55,7
Deepak Hooda,LSG,DC,34,28,1,2,0,121.43,47
Krunal Pandya,LSG,DC,7,7,1,0,0,100,12
Marcus Stoinis,LSG,DC,1,4,0,0,0,25,5
Ayush Badoni,LSG,DC,4,4,0,0,0,100,8
Jason Holder,LSG,DC,11,8,0,1,0,137.5,17
Dushmantha Chameera,LSG,DC,17,10,0,2,0,170,29
Mohsin Khan,LSG,DC,13,6,1,1,0,216.67,20
Avesh Khan,LSG,DC,2,5,0,0,0,40,6
Mayank Agarwal,PBSK,RCB,25,17,2,2,0,147.06,37
Shikhar Dhawan,PBSK,RCB,5,15,0,0,0,33.33,3
Jonny Bairstow,PBSK,RCB,32,28,5,0,0,114.29,45
Bhanuka Rajapaksa,PBSK,RCB,9,7,1,0,0,128.57,14
Liam Livingstone,PBSK,RCB,18,16,0,2,0,112.5,26
Jitesh Sharma,PBSK,RCB,2,5,0,0,0,40,6
Rishi Dhawan,PBSK,RCB,21,22,3,1,0,95.45,30
Kagiso Rabada,PBSK,RCB,2,5,0,0,0,40,6
Rahul Chahar,PBSK,RCB,4,4,1,0,0,100,9
Virat Kohli,RCB,PBSK,58,53,6,1,0,109.43,78
Rajat Patidar,RCB,PBSK,52,32,5,2,0,162.5,77
Glenn Maxwell,RCB,PBSK,33,18,3,2,0,183.33,54
Dinesh Karthik,RCB,PBSK,2,3,0,0,0,66.67,6
Shahbaz Ahmed,RCB,PBSK,2,2,0,0,0,100,6
Mahipal Lomror,RCB,PBSK,16,8,2,1,0,200,24
Wriddhiman Saha,GT,RR,29,22,4,0,0,131.82,39
Shubman Gill,GT,RR,31,28,3,1,0,110.71,44
Sai Sudharsan,GT,RR,20,14,2,0,0,142.86,28
Hardik Pandya,GT,RR,3,5,0,0,0,60,7
David Miller,GT,RR,39,24,4,1,0,162.5,57
Rahul Tewatia,GT,RR,43,25,5,2,0,172,66
Jos Buttler,RR,GT,67,52,5,4,0,128.85,92
Devdutt Padikkal,RR,GT,15,15,3,0,0,100,22
Sanju Samson,RR,GT,16,7,0,2,0,228.57,24
Daryl Mitchell,RR,GT,17,20,1,0,0,85,22
Shimron Hetmyer,RR,GT,6,14,0,0,0,42.86,4
Riyan Parag,RR,GT,3,3,0,0,0,100,7
Ravichandran Ashwin,RR,GT,21,9,3,1,0,233.33,30
Trent Boult,RR,GT,1,1,0,0,0,100,5
Rohit Sharma,MI,LSG,2,5,0,0,0,40,6
Ishan Kishan,MI,LSG,26,18,4,1,0,144.44,38
Suryakumar Yadav,MI,LSG,51,39,5,2,0,130.77,74
Tilak Varma,MI,LSG,35,30,1,2,0,116.67,48
Kieron Pollard,MI,LSG,10,14,0,0,0,71.43,14
Tim David,MI,LSG,20,9,2,1,0,222.22,28
Daniel Sams,MI,LSG,6,1,0,1,0,600,12
Quinton De Kock,LSG,MI,23,13,3,1,0,176.92,38
K L Rahul,LSG,MI,77,51,4,5,0,150.98,107
Deepak Hooda,LSG,MI,52,34,6,1,0,152.94,76
Marcus Stoinis,LSG,MI,17,16,1,1,0,106.25,24
Krunal Pandya,LSG,MI,9,6,0,0,0,150,13
Prithvi Shaw,DC,CSK,5,7,1,0,0,71.43,10
David Warner,DC,CSK,3,4,0,0,0,75,7
Mitchell Marsh,DC,CSK,37,20,3,3,0,185,60
Rishabh Pant,DC,CSK,44,30,7,1,0,146.67,63
Lalit Yadav,DC,CSK,3,4,0,0,0,75,7
Rovman Powell,DC,CSK,35,21,3,2,0,166.67,54
Axar Patel,DC,CSK,42,24,1,3,0,175,63
Shardul Thakur,DC,CSK,1,2,0,0,0,50,5
Kuldeep Yadav,DC,CSK,16,8,1,1,0,200,23
Ruturaj  Gaikwad,CSK,DC,99,57,6,6,0,173.68,135
Devon Conway,CSK,DC,85,55,8,4,0,154.55,117
MS Dhoni,CSK,DC,8,7,1,0,0,114.29,13
Ravindra Jadeja,CSK,DC,1,1,0,0,0,100,5
Abhishek Sharma,SRH,RR,39,24,5,1,0,162.5,58
Kane Williamson,SRH,RR,47,37,2,2,0,127.03,61
Aiden Markram,SRH,RR,17,10,0,2,0,170,29
Nicholas Pooran,SRH,RR,64,33,3,6,0,193.94,97
Shashank Singh,SRH,RR,15,14,1,0,0,107.14,20
Washington Sundar,SRH,RR,2,2,0,0,0,100,6
Jos Buttler,RR,SRH,22,25,3,0,0,88,29
Devdutt Padikkal,RR,SRH,2,5,0,0,0,40,6
Sanju Samson,RR,SRH,54,49,7,1,0,110.2,75
Karun Nair,RR,SRH,13,13,1,0,0,100,18
Riyan Parag,RR,SRH,19,12,1,2,0,158.33,32
Shimron Hetmyer,RR,SRH,27,13,1,2,0,207.69,42
Ravichandran Ashwin,RR,SRH,6,5,0,0,0,120,10
B Indrajith,KKR,GT,15,16,2,0,0,93.75,21
Aaron Finch,KKR,GT,4,7,0,0,0,57.14,8
Shreyas Iyer,KKR,GT,34,32,3,1,0,106.25,47
Nitish Rana,KKR,GT,48,37,3,2,0,129.73,63
Rinku Singh,KKR,GT,42,23,6,1,0,182.61,64
Wriddhiman Saha,GT,KKR,21,17,3,1,0,123.53,30
Shubman Gill,GT,KKR,9,6,2,0,0,150,15
Sai Sudharsan,GT,KKR,65,50,5,1,0,130,86
Hardik Pandya,GT,KKR,1,7,0,0,0,14.29,5
David Miller,GT,KKR,11,14,0,0,0,78.57,15
Rahul Tewatia,GT,KKR,11,13,0,0,0,84.62,15
Pradeep Sangwan,GT,KKR,2,5,0,0,0,40,6
Lockie Ferguson,GT,KKR,5,3,1,0,0,166.67,10
Alzarri Joseph,GT,KKR,4,5,0,0,0,80,8
Jonny Bairstow,PBSK,RCB,1,6,0,0,0,16.67,5
Shikhar Dhawan,PBSK,RCB,62,53,8,1,0,116.98,84
Bhanuka Rajapaksa,PBSK,RCB,40,28,5,1,0,142.86,57
Liam Livingstone,PBSK,RCB,30,10,2,3,0,300,52
Virat Kohli,RCB,PBSK,30,33,3,1,0,90.91,43
Faf Du Plessis,RCB,PBSK,38,22,4,1,0,172.73,58
Glenn Maxwell,RCB,PBSK,3,3,0,0,0,100,7
Mahipal Lomror,RCB,PBSK,42,27,3,2,0,155.56,61
Rajat Patidar,RCB,PBSK,21,15,1,1,0,140,30
Dinesh Karthik,RCB,PBSK,26,17,1,2,0,152.94,39
Shahbaz Ahmed,RCB,PBSK,1,2,0,0,0,50,5
Ruturaj  Gaikwad,CSK,DC,28,23,3,1,0,121.74,37
Devon Conway,CSK,DC,56,37,6,2,0,151.35,82
Robin Uthappa,CSK,DC,1,3,0,0,0,33.33,5
Ambati Rayudu,CSK,DC,10,8,0,1,0,125,16
Moeen Ali,CSK,DC,34,27,2,2,0,125.93,48
Ravindra Jadeja,CSK,DC,3,5,0,0,0,60,7
MS Dhoni,CSK,DC,2,3,0,0,0,66.67,6
Dwaine Pretorius,CSK,DC,13,8,1,1,0,162.5,20
Simarjeet Singh,CSK,DC,2,2,0,0,0,100,6
Maheesh Theekshana,CSK,DC,7,4,0,1,0,175,13
David Warner,DC,CSK,92,58,12,3,0,158.62,126
Mitchell Marsh,DC,CSK,10,7,2,0,0,142.86,16
Rishabh Pant,DC,CSK,26,16,1,3,0,162.5,41
Rovman Powell,DC,CSK,67,35,3,6,0,191.43,100
Abhishek Sharma,SRH,MI,7,6,1,0,0,116.67,12
Kane Williamson,SRH,MI,4,11,1,0,0,36.36,3
Rahul Tripathi,SRH,MI,22,18,2,1,0,122.22,30
Aiden Markram,SRH,MI,42,25,4,3,0,168,64
Nicholas Pooran,SRH,MI,62,34,2,6,0,182.35,94
Shashank Singh,SRH,MI,10,6,2,0,0,166.67,16
Sean Abbott,SRH,MI,7,5,0,1,0,140,13
Shreyas Gopal,SRH,MI,9,7,2,0,0,128.57,15
Kartik Tyagi,SRH,MI,7,5,1,0,0,140,12
Bhuvneshwar Kumar,SRH,MI,5,3,1,0,0,166.67,10
Ishan Kishan,MI,SRH,45,29,5,1,0,155.17,64
Rohit Sharma,MI,SRH,43,28,5,2,0,153.57,64
Suryakumar Yadav,MI,SRH,13,11,0,1,0,118.18,19
Tilak Varma,MI,SRH,21,16,2,0,0,131.25,29
Kieron Pollard,MI,SRH,4,14,0,0,0,28.57,2
Tim David,MI,SRH,44,21,2,4,0,209.52,68
Wriddhiman Saha,GT,PBSK,55,40,6,2,0,137.5,79
Shubman Gill,GT,PBSK,52,36,6,2,0,144.44,76
Hardik Pandya,GT,PBSK,24,14,4,0,0,171.43,38
Sai Sudharsan,GT,PBSK,14,11,1,1,0,127.27,21
David Miller,GT,PBSK,19,14,1,1,0,135.71,28
Rahul Tewatia,GT,PBSK,3,4,0,0,0,75,7
Rashid Khan,GT,PBSK,1,1,0,0,0,100,5
Jonny Bairstow,PBSK,GT,56,40,8,1,0,140,80
Shikhar Dhawan,PBSK,GT,12,16,2,0,0,75,18
Bhanuka Rajapaksa,PBSK,GT,27,18,2,2,0,150,39
Mayank Agarwal,PBSK,GT,15,13,2,0,0,115.38,21
Jitesh Sharma,PBSK,GT,38,18,4,2,0,211.11,60
Liam Livingstone,PBSK,GT,22,14,1,2,0,157.14,35
Rishi Dhawan,PBSK,GT,5,2,1,0,0,250,10
Yashasvi Jaiswal,RR,LSG,68,41,9,2,0,165.85,97
Jos Buttler,RR,LSG,30,16,5,1,0,187.5,51
Sanju Samson,RR,LSG,23,12,4,0,0,191.67,37
Devdutt Padikkal,RR,LSG,31,32,3,0,0,96.88,42
Shimron Hetmyer,RR,LSG,31,16,3,2,0,193.75,52
Quinton De Kock,LSG,RR,50,29,4,3,0,172.41,78
Deepak Hooda,LSG,RR,41,27,4,2,0,151.85,61
Krunal Pandya,LSG,RR,25,27,2,0,0,92.59,31
Ayush Badoni,LSG,RR,15,18,0,0,0,83.33,19
Marcus Stoinis,LSG,RR,28,14,1,3,0,200,45
Jason Holder,LSG,RR,13,4,0,2,0,325,21
Aaron Finch,KKR,RCB,14,14,1,0,0,100,19
Shreyas Iyer,KKR,RCB,6,9,1,0,0,66.67,11
Nitish Rana,KKR,RCB,2,11,0,0,0,18.18,0
Rinku Singh,KKR,RCB,6,10,0,0,0,60,8
Andre Russell,KKR,RCB,45,19,3,5,0,236.84,72
Sunil Narine,KKR,RCB,22,12,3,1,0,183.33,37
Shivam Mavi,KKR,RCB,1,2,0,0,0,50,5
Harshit Rana,KKR,RCB,2,1,0,0,0,200,6
Faf Du Plessis,RCB,KKR,73,50,8,2,0,146,99
Rajat Patidar,RCB,KKR,48,38,4,2,0,126.32,64
Glenn Maxwell,RCB,KKR,33,24,3,2,0,137.5,50
Dinesh Karthik,RCB,KKR,30,8,1,4,0,375,47
Rahul Tripathi,SRH,CSK,58,37,6,2,0,156.76,84
Aiden Markram,SRH,CSK,21,27,1,1,0,77.78,28
Nicholas Pooran,SRH,CSK,19,14,2,1,0,135.71,29
Jagadeesha Suchith,SRH,CSK,2,7,0,0,0,28.57,6
Shashank Singh,SRH,CSK,8,9,0,1,0,88.89,14
Bhuvneshwar Kumar,SRH,CSK,8,9,1,0,0,88.89,13
Fazalhaq Farooqi,SRH,CSK,2,8,0,0,0,25,6
Ruturaj  Gaikwad,CSK,SRH,41,33,4,1,0,124.24,55
Devon Conway,CSK,SRH,87,49,7,5,0,177.55,122
Shivam Dube,CSK,SRH,32,19,2,2,0,168.42,50
Ambati Rayudu,CSK,SRH,5,6,1,0,0,83.33,10
MS Dhoni,CSK,SRH,21,8,1,2,0,262.5,30
Moeen Ali,CSK,SRH,9,4,2,0,0,225,15
Dwayne Bravo,CSK,SRH,1,1,0,0,0,100,5
David Warner,DC,KKR,19,12,1,2,0,158.33,32
Srikar Bharat,DC,KKR,8,5,2,0,0,160,14
Mitchell Marsh,DC,KKR,25,20,3,1,0,125,34
Rishabh Pant,DC,KKR,21,11,4,0,0,190.91,35
Rovman Powell,DC,KKR,3,9,0,0,0,33.33,7
Ripal Patel,DC,KKR,6,3,0,1,0,200,12
Axar Patel,DC,KKR,1,3,0,0,0,33.33,5
Shardul Thakur,DC,KKR,24,19,2,1,0,126.32,32
Kuldeep Yadav,DC,KKR,5,17,0,0,0,29.41,3
Anrich Nortje,DC,KKR,1,6,0,0,0,16.67,5
Venkatesh Iyer,KKR,DC,43,24,3,4,0,179.17,68
Ajinkya Rahane,KKR,DC,25,24,3,0,0,104.17,32
Nitish Rana,KKR,DC,43,26,3,4,0,165.38,66
Shreyas Iyer,KKR,DC,6,8,1,0,0,75,11
Andre Russell,KKR,DC,9,5,0,1,0,180,15
Rinku Singh,KKR,DC,23,19,2,1,0,121.05,31
Sheldon Jackson,KKR,DC,5,7,0,0,0,71.43,9
Rohit Sharma,MI,GT,2,6,0,0,0,33.33,6
Ishan Kishan,MI,GT,51,43,5,1,0,118.6,70
Tilak Varma,MI,GT,6,5,1,0,0,120,11
Ramandeep Singh,MI,GT,12,16,0,0,0,75,16
Tim David,MI,GT,13,9,3,0,0,144.44,20
Kieron Pollard,MI,GT,15,16,0,1,0,93.75,21
Daniel Sams,MI,GT,1,2,0,0,0,50,5
Kumar Kartikeya Singh,MI,GT,3,5,0,0,0,60,7
Wriddhiman Saha,GT,MI,5,11,1,0,0,45.45,4
Shubman Gill,GT,MI,63,49,7,0,0,128.57,82
Matthew Wade,GT,MI,10,7,2,0,0,142.86,16
Hardik Pandya,GT,MI,11,13,0,0,0,84.62,15
David Miller,GT,MI,26,24,1,1,0,108.33,33
Rahul Tewatia,GT,MI,22,16,4,0,0,137.5,32
Quinton De Kock,LSG,RR,11,10,0,1,0,110,17
K L Rahul,LSG,RR,8,16,1,0,0,50,7
Deepak Hooda,LSG,RR,27,26,3,0,0,103.85,34
Karan Sharma,LSG,RR,4,4,1,0,0,100,9
Krunal Pandya,LSG,RR,5,5,1,0,0,100,10
Ayush Badoni,LSG,RR,8,11,1,0,0,72.73,13
Marcus Stoinis,LSG,RR,2,2,0,0,0,100,6
Jason Holder,LSG,RR,1,2,0,0,0,50,5
Mohsin Khan,LSG,RR,1,3,0,0,0,33.33,5
Avesh Khan,LSG,RR,12,4,0,2,0,300,20
Yashasvi Jaiswal,RR,LSG,19,19,1,1,0,100,26
Jos Buttler,RR,LSG,7,11,1,0,0,63.64,10
Ravichandran Ashwin,RR,LSG,50,38,4,2,0,131.58,72
Devdutt Padikkal,RR,LSG,48,30,6,2,0,160,70
Sanju Samson,RR,LSG,6,4,1,0,0,150,11
Riyan Parag,RR,LSG,9,5,0,1,0,180,15
Rassie van der Dussen,RR,LSG,12,10,1,0,0,120,17
Trent Boult,RR,LSG,3,3,0,0,0,100,7
David Warner,DC,CSK,52,41,5,1,0,126.83,71
Mitchell Marsh,DC,CSK,89,62,5,7,0,143.55,122
Rishabh Pant,DC,CSK,13,4,0,2,0,325,21
Ruturaj  Gaikwad,CSK,DC,7,6,1,0,0,116.67,12
Robin Uthappa,CSK,DC,1,6,0,0,0,16.67,5
Ambati Rayudu,CSK,DC,10,14,2,0,0,71.43,16
MS Dhoni,CSK,DC,36,33,4,2,0,109.09,52
Shivam Dube,CSK,DC,10,9,1,0,0,111.11,15
Dwayne Bravo,CSK,DC,12,15,0,1,0,80,18
Simarjeet Singh,CSK,DC,2,3,0,0,0,66.67,6
Mukesh Choudhary,CSK,DC,4,4,1,0,0,100,9
Ishan Kishan,MI,PBSK,6,5,1,0,0,120,11
Rohit Sharma,MI,PBSK,18,14,4,0,0,128.57,26
Daniel Sams,MI,PBSK,1,6,0,0,0,16.67,5
Tilak Varma,MI,PBSK,34,32,4,0,0,106.25,46
Hrithik Shokeen,MI,PBSK,18,23,2,0,0,78.26,24
Tim David,MI,PBSK,16,7,0,2,0,228.57,24
Jonny Bairstow,PBSK,MI,66,29,4,7,0,227.59,102
Shikhar Dhawan,PBSK,MI,21,15,2,1,0,140,31
Bhanuka Rajapaksa,PBSK,MI,1,3,0,0,0,33.33,5
Liam Livingstone,PBSK,MI,70,42,5,4,0,166.67,99
Mayank Agarwal,PBSK,MI,19,16,3,0,0,118.75,26
Jitesh Sharma,PBSK,MI,9,5,2,0,0,180,15
Harpreet Brar,PBSK,MI,7,5,0,1,0,140,13
Rishi Dhawan,PBSK,MI,7,3,0,1,0,233.33,13
Rahul Chahar,PBSK,MI,2,2,0,0,0,100,6
Virat Kohli,RCB,KKR,20,14,2,1,0,142.86,30
Faf Du Plessis,RCB,KKR,10,8,2,0,0,125,16
Rajat Patidar,RCB,KKR,26,21,1,2,0,123.81,35
Mahipal Lomror,RCB,KKR,6,3,0,1,0,200,12
Glenn Maxwell,RCB,KKR,35,22,3,1,0,159.09,52
Dinesh Karthik,RCB,KKR,11,11,1,0,0,100,16
Shahbaz Ahmed,RCB,KKR,9,14,0,0,0,64.29,11
Harshal Patel,RCB,KKR,11,7,2,0,0,157.14,17
Wanindu Hasaranga,RCB,KKR,1,3,0,0,0,33.33,5
Mohammed Siraj,RCB,KKR,9,13,1,0,0,69.23,12
Josh Hazlewood,RCB,KKR,7,4,1,0,0,175,12
Venkatesh Iyer,KKR,RCB,7,6,1,0,0,116.67,12
Ajinkya Rahane,KKR,RCB,28,24,0,3,0,116.67,38
Nitish Rana,KKR,RCB,26,16,1,3,0,162.5,41
Shreyas Iyer,KKR,RCB,15,9,2,0,0,166.67,21
Sam Billings,KKR,RCB,34,29,3,1,0,117.24,47
Rinku Singh,KKR,RCB,5,6,0,0,0,83.33,9
Andre Russell,KKR,RCB,49,28,3,4,0,175,74
Sunil Narine,KKR,RCB,1,2,0,0,0,50,5
Abhishek Sharma,SRH,CSK,43,28,4,2,0,153.57,63
Kane Williamson,SRH,CSK,9,17,1,0,0,52.94,10
Rahul Tripathi,SRH,CSK,9,12,1,0,0,75,14
Aiden Markram,SRH,CSK,32,25,0,3,0,128,46
Nicholas Pooran,SRH,CSK,2,3,0,0,0,66.67,6
Washington Sundar,SRH,CSK,4,9,0,0,0,44.44,8
Shashank Singh,SRH,CSK,11,12,1,0,0,91.67,16
Marco Jansen,SRH,CSK,1,2,0,0,0,50,5
Bhuvneshwar Kumar,SRH,CSK,6,7,1,0,0,85.71,11
Umran Malik,SRH,CSK,3,5,0,0,0,60,7
Ruturaj  Gaikwad,CSK,SRH,53,49,4,1,0,108.16,71
Devon Conway,CSK,SRH,5,9,0,0,0,55.56,9
Moeen Ali,CSK,SRH,21,17,0,2,0,123.53,29
Jagadeesan Narayan,CSK,SRH,39,33,3,1,0,118.18,52
MS Dhoni,CSK,SRH,7,10,0,0,0,70,9
Mitchell Santner,CSK,SRH,1,1,0,0,0,100,5
Wriddhiman Saha,GT,RR,67,57,8,1,0,117.54,89
Shubman Gill,GT,RR,18,17,3,0,0,105.88,25
Matthew Wade,GT,RR,20,15,2,0,0,133.33,28
Hardik Pandya,GT,RR,7,6,1,0,0,116.67,12
David Miller,GT,RR,15,20,1,0,0,75,20
Yashasvi Jaiswal,RR,GT,41,29,6,1,0,141.38,59
Jos Buttler,RR,GT,2,6,0,0,0,33.33,6
Sanju Samson,RR,GT,32,24,6,0,0,133.33,48
Devdutt Padikkal,RR,GT,39,18,5,2,0,216.67,62
Riyan Parag,RR,GT,19,16,0,1,0,118.75,25
James Neesham,RR,GT,14,12,2,0,0,116.67,20
Ravichandran Ashwin,RR,GT,10,7,1,0,0,142.86,15
Trent Boult,RR,GT,17,9,2,0,0,188.89,23
Quinton De Kock,LSG,DC,7,8,1,0,0,87.5,12
K L Rahul,LSG,DC,10,19,0,1,0,52.63,12
Deepak Hooda,LSG,DC,59,39,5,2,0,151.28,84
Krunal Pandya,LSG,DC,25,23,1,1,0,108.7,32
Marcus Stoinis,LSG,DC,27,17,1,2,0,158.82,40
Jason Holder,LSG,DC,1,2,0,0,0,50,5
Mohsin Khan,LSG,DC,9,7,1,0,0,128.57,14
Avesh Khan,LSG,DC,1,2,0,0,0,50,5
Sarfaraz Khan,DC,LSG,32,16,5,1,0,200,53
Mitchell Marsh,DC,LSG,63,48,4,3,0,131.25,87
Lalit Yadav,DC,LSG,24,21,1,1,0,114.29,31
Rishabh Pant,DC,LSG,7,3,0,1,0,233.33,13
Rovman Powell,DC,LSG,2,6,0,0,0,33.33,6
Axar Patel,DC,LSG,17,20,2,0,0,85,23
Shardul Thakur,DC,LSG,3,4,0,0,0,75,7
Kuldeep Yadav,DC,LSG,2,2,0,0,0,100,6
Jonny Bairstow,PBSK,SRH,28,15,4,1,0,186.67,44
Shikhar Dhawan,PBSK,SRH,19,16,3,0,0,118.75,26
Bhanuka Rajapaksa,PBSK,SRH,4,5,1,0,0,80,9
Liam Livingstone,PBSK,SRH,3,5,0,0,0,60,7
Jitesh Sharma,PBSK,SRH,44,34,3,2,0,129.41,59
Harpreet Brar,PBSK,SRH,1,2,0,0,0,50,5
Rishi Dhawan,PBSK,SRH,4,13,0,0,0,30.77,2
Rahul Chahar,PBSK,SRH,25,24,2,1,0,104.17,33
Kagiso Rabada,PBSK,SRH,6,2,0,1,0,300,12
Arshdeep Singh,PBSK,SRH,2,3,0,0,0,66.67,6
Abhishek Sharma,SRH,PBSK,9,10,1,0,0,90,14
Priyam Garg,SRH,PBSK,42,26,4,2,0,161.54,62
Rahul Tripathi,SRH,PBSK,76,44,9,3,0,172.73,109
Nicholas Pooran,SRH,PBSK,38,22,2,3,0,172.73,60
Aiden Markram,SRH,PBSK,2,4,0,0,0,50,6
Kane Williamson,SRH,PBSK,8,7,1,0,0,114.29,13
Washington Sundar,SRH,PBSK,9,7,0,0,0,128.57,13
Rohit Sharma,MI,LSG,48,36,2,4,0,133.33,68
Ishan Kishan,MI,LSG,43,34,5,1,0,126.47,58
Daniel Sams,MI,LSG,15,11,0,1,0,136.36,23
Tilak Varma,MI,LSG,8,9,1,0,0,88.89,13
Tim David,MI,LSG,46,18,3,4,0,255.56,71
Tristan Stubbs,MI,LSG,2,2,0,0,0,100,6
Ramandeep Singh,MI,LSG,14,6,1,1,0,233.33,21
Quinton De Kock,LSG,MI,140,70,10,10,0,200,196
K L Rahul,LSG,MI,68,51,3,4,0,133.33,93
Abhijeet Tomar,KKR,GT,4,8,1,0,0,50,9
Nitish Rana,KKR,GT,42,22,9,0,0,190.91,65
Shreyas Iyer,KKR,GT,50,29,4,3,0,172.41,78
Sam Billings,KKR,GT,36,24,2,3,0,150,54
Andre Russell,KKR,GT,5,11,0,0,0,45.45,3
Rinku Singh,KKR,GT,40,15,2,4,0,266.67,64
Sunil Narine,KKR,GT,21,7,0,3,0,300,31
Wriddhiman Saha,GT,KKR,31,22,4,1,0,140.91,47
Shubman Gill,GT,KKR,1,4,0,0,0,25,5
Matthew Wade,GT,KKR,16,13,2,1,0,123.08,24
Hardik Pandya,GT,KKR,62,47,4,3,0,131.91,86
David Miller,GT,KKR,34,25,0,3,0,136,50
Rahul Tewatia,GT,KKR,2,3,0,0,0,66.67,6
Rashid Khan,GT,KKR,19,6,1,2,0,316.67,28
Virat Kohli,RCB,CSK,73,54,8,2,0,135.19,99
Faf Du Plessis,RCB,CSK,44,38,5,0,0,115.79,57
Glenn Maxwell,RCB,CSK,40,18,5,2,0,222.22,63
Dinesh Karthik,RCB,CSK,2,2,0,0,0,100,6
Ruturaj  Gaikwad,CSK,RCB,2,6,0,0,0,33.33,6
Devon Conway,CSK,RCB,16,14,1,1,0,114.29,23
Moeen Ali,CSK,RCB,93,57,13,3,0,163.16,128
Jagadeesan Narayan,CSK,RCB,1,4,0,0,0,25,5
Ambati Rayudu,CSK,RCB,3,6,0,0,0,50,7
MS Dhoni,CSK,RCB,26,28,1,1,0,92.86,33
Mitchell Santner,CSK,RCB,1,2,0,0,0,50,5
Simarjeet Singh,CSK,RCB,3,3,0,0,0,100,7
Yashasvi Jaiswal,RR,DC,59,44,8,1,0,134.09,83
Jos Buttler,RR,DC,2,5,0,0,0,40,6
Sanju Samson,RR,DC,15,20,2,0,0,75,21
Devdutt Padikkal,RR,DC,3,9,0,0,0,33.33,7
Ravichandran Ashwin,RR,DC,40,23,2,3,0,173.91,62
Shimron Hetmyer,RR,DC,6,7,1,0,0,85.71,11
Riyan Parag,RR,DC,10,10,1,0,0,100,15
Prithvi Shaw,DC,RR,24,23,2,1,0,104.35,32
David Warner,DC,RR,5,6,1,0,0,83.33,10
Rishabh Pant,DC,RR,39,33,4,1,0,118.18,53
Sarfaraz Khan,DC,RR,10,7,0,1,0,142.86,16
Rovman Powell,DC,RR,43,34,1,4,0,126.47,60
Axar Patel,DC,RR,19,10,0,2,0,190,33
Shardul Thakur,DC,RR,4,5,0,0,0,80,8
Kuldeep Yadav,DC,RR,1,1,0,0,0,100,5
Ishan Kishan,MI,SRH,48,35,3,4,0,137.14,69
Rohit Sharma,MI,SRH,2,13,0,0,0,15.38,0
Dewald Brevis,MI,SRH,37,33,1,3,0,112.12,52
Tilak Varma,MI,SRH,21,17,1,1,0,123.53,28
Tim David,MI,SRH,34,11,2,4,0,309.09,58
Ramandeep Singh,MI,SRH,13,6,2,0,0,216.67,19
Priyam Garg,SRH,MI,4,7,0,0,0,57.14,8
Abhishek Sharma,SRH,MI,43,32,5,2,0,134.38,62
Rahul Tripathi,SRH,MI,20,18,1,1,0,111.11,27
Aiden Markram,SRH,MI,21,17,2,0,0,123.53,27
Nicholas Pooran,SRH,MI,5,10,0,0,0,50,3
Washington Sundar,SRH,MI,25,19,3,1,0,131.58,36
Romario Shepherd,SRH,MI,26,15,2,2,0,173.33,42
Bhuvneshwar Kumar,SRH,MI,1,1,0,0,0,100,5
Jonny Bairstow,PBSK,RR,23,15,5,0,0,153.33,36
Shikhar Dhawan,PBSK,RR,39,32,2,2,0,121.88,53
Shahrukh Khan,PBSK,RR,19,10,2,1,0,190,33
Mayank Agarwal,PBSK,RR,1,4,0,0,0,25,5
Liam Livingstone,PBSK,RR,49,22,2,5,0,222.73,75
Jitesh Sharma,PBSK,RR,19,7,3,1,0,271.43,28
Prerak Mankad,PBSK,RR,4,1,1,0,0,400,9
Yashasvi Jaiswal,RR,PBSK,3,8,0,0,0,37.5,7
Jos Buttler,RR,PBSK,89,56,12,2,0,158.93,121
Sanju Samson,RR,PBSK,47,26,5,3,0,180.77,72
Devdutt Padikkal,RR,PBSK,28,20,2,2,0,140,40
Shimron Hetmyer,RR,PBSK,4,7,0,0,0,57.14,8
Riyan Parag,RR,PBSK,4,3,0,0,0,133.33,8
Ravichandran Ashwin,RR,PBSK,2,1,0,0,0,200,6
Shubman Gill,GT,RCB,35,21,5,1,0,166.67,54
Matthew Wade,GT,RCB,35,30,6,0,0,116.67,49
Hardik Pandya,GT,RCB,40,27,5,0,0,148.15,55
David Miller,GT,RCB,68,38,3,5,0,178.95,99
Virat Kohli,RCB,GT,25,24,2,0,0,104.17,31
Rajat Patidar,RCB,GT,112,54,12,7,0,207.41,164
Glenn Maxwell,RCB,GT,9,10,0,1,0,90,15
Mahipal Lomror,RCB,GT,14,9,2,0,0,155.56,20
Dinesh Karthik,RCB,GT,37,23,5,1,0,160.87,56
Quinton De Kock,LSG,RCB,6,5,0,1,0,120,12
K L Rahul,LSG,RCB,79,58,3,5,0,136.21,106
Manan Vohra,LSG,RCB,19,11,1,2,0,172.73,34
Deepak Hooda,LSG,RCB,45,26,1,4,0,173.08,68
Marcus Stoinis,LSG,RCB,9,9,0,1,0,100,15
Evin Lewis,LSG,RCB,2,6,0,0,0,33.33,6
Dushmantha Chameera,LSG,RCB,11,4,1,1,0,275,18
Virat Kohli,RCB,LSG,7,8,0,1,0,87.5,13
Faf Du Plessis,RCB,LSG,25,27,3,0,0,92.59,32
Rajat Patidar,RCB,LSG,58,42,4,3,0,138.1,82
Glenn Maxwell,RCB,LSG,24,13,1,2,0,184.62,39
Mahipal Lomror,RCB,LSG,8,10,0,0,0,80,12
Dinesh Karthik,RCB,LSG,6,7,0,0,0,85.71,10
Shahbaz Ahmed,RCB,LSG,12,8,1,1,0,150,19
Harshal Patel,RCB,LSG,1,2,0,0,0,50,5
Josh Hazlewood,RCB,LSG,1,2,0,0,0,50,5
Yashasvi Jaiswal,RR,GT,21,13,1,2,0,161.54,34
Jos Buttler,RR,GT,106,60,10,6,0,176.67,154
Sanju Samson,RR,GT,23,21,1,2,0,109.52,32
Devdutt Padikkal,RR,GT,9,12,0,0,0,75,13
Shimron Hetmyer,RR,GT,2,3,0,0,0,66.67,6
Yashasvi Jaiswal,RR,GT,22,16,1,2,0,137.5,33
Jos Buttler,RR,GT,39,35,5,0,0,111.43,52
Sanju Samson,RR,GT,14,11,2,0,0,127.27,20
Devdutt Padikkal,RR,GT,2,10,0,0,0,20,0
Shimron Hetmyer,RR,GT,11,12,2,0,0,91.67,17
Ravichandran Ashwin,RR,GT,6,9,0,0,0,66.67,10
Riyan Parag,RR,GT,15,15,1,0,0,100,20
Trent Boult,RR,GT,11,7,0,1,0,157.14,17
Obed McCoy,RR,GT,8,5,0,1,0,160,14
Wriddhiman Saha,GT,RR,5,7,1,0,0,71.43,10
Shubman Gill,GT,RR,45,43,3,1,0,104.65,58
Matthew Wade,GT,RR,8,10,0,1,0,80,14
Hardik Pandya,GT,RR,34,30,3,1,0,113.33,47
David Miller,GT,RR,32,19,3,1,0,168.42,49
